,Pishan,Hetian,Minfeng,Mangya,Yutian,Lenghu,Tuole,Yeniugou,Zhangye,Qilian,Shandan,Yongchang,Dacaidan,Delingha,Gangcha,Menyuan,Nuomuhong,Dulan,Qiabuqia,Xining,Wudaoliang,Xinghai,Shiquanhe,Gaize,Bange,Anduo,Pulan,Shenzha,Dangxiong,Lazi,Rikeze,Nimu,Lasa,Jiangzi,Cuona,Longzi,Pali,Zaduo,Yushu,Maduo,Qingshuihe,Shiqu,Changdou,Dege,Ganzi,Seda,Daofou,Maerkang,Xinlong,Zuogong,Kangding,Deqin
1951,NA,NA,NA,NA,NA,NA,NA,NA,NA,NA,NA,NA,NA,NA,NA,NA,NA,NA,NA,NA,NA,NA,NA,NA,NA,NA,NA,NA,NA,NA,NA,NA,NA,NA,NA,NA,NA,NA,NA,NA,NA,NA,NA,NA,NA,NA,NA,NA,NA,NA,NA,NA
1952,NA,NA,NA,NA,NA,NA,NA,NA,NA,NA,NA,NA,NA,NA,NA,NA,NA,NA,NA,NA,NA,NA,NA,NA,NA,NA,NA,NA,NA,NA,NA,NA,NA,NA,NA,NA,NA,NA,NA,NA,NA,NA,NA,NA,NA,NA,NA,NA,NA,NA,NA,NA
1953,NA,NA,NA,NA,NA,NA,NA,NA,NA,NA,NA,NA,NA,NA,NA,NA,NA,NA,NA,NA,NA,NA,NA,NA,NA,NA,NA,NA,NA,NA,NA,NA,NA,NA,NA,NA,NA,NA,NA,NA,NA,NA,NA,NA,NA,NA,NA,NA,NA,NA,NA,NA
1954,NA,0.45014999117699,NA,NA,NA,NA,NA,NA,NA,NA,NA,NA,NA,NA,NA,NA,NA,0.907482305358948,NA,0.421797193300136,NA,NA,NA,NA,NA,NA,NA,NA,NA,NA,NA,NA,NA,NA,NA,NA,NA,NA,0.929393599101628,NA,NA,NA,0.854795972443031,NA,0.609345200254291,NA,NA,0.296084049665712,NA,NA,NA,NA
1955,NA,1.38631984585742,NA,NA,NA,NA,NA,NA,NA,NA,0.27013942680093,NA,NA,1.06990740740741,NA,NA,NA,0.887512083662888,NA,0.993630573248408,NA,NA,NA,NA,NA,NA,NA,NA,NA,NA,NA,NA,0.509904153354633,NA,NA,NA,NA,NA,0.414678235719451,NA,NA,NA,0.777239709443099,NA,0.533787068546427,NA,NA,0.288107202680067,NA,NA,NA,NA
1956,NA,1.32222494486645,1.19584245076586,NA,0.477420755536257,NA,NA,NA,0.338821768416551,NA,0.877436867648268,NA,NA,0.792430584212698,NA,0.81255230125523,1.11327903011934,0.98156791393086,0.458853503184713,0.756580661975502,NA,NA,NA,NA,NA,NA,NA,NA,NA,NA,0.353800298062593,NA,0.416706673067691,NA,NA,NA,NA,NA,NA,NA,NA,NA,NA,NA,1.04854981084489,NA,NA,0.375722543352601,NA,NA,0.539056457849961,NA
1957,NA,1.35013908205841,1.11004784688995,NA,1.21652003910068,NA,0.32474356818564,NA,NA,NA,0.879891251577823,NA,NA,0.889688061918537,NA,0.732201533406353,0.559707554833469,0.970235326946331,0.796582587469488,0.753633827631772,NA,NA,NA,NA,NA,NA,NA,NA,NA,NA,0.84408945686901,NA,0.611080022383884,NA,NA,NA,NA,NA,NA,NA,NA,NA,0.885674931129477,NA,0.630133470225873,NA,NA,0.554545454545455,NA,NA,0.25782092772384,0.0714527599051812
1958,NA,1.33713819812475,1.11929580727357,0.805025401620211,1.24678582627783,NA,0.777236471318718,NA,NA,NA,0.88953966296753,0.915712799167534,0.40173564753004,0.917864802605449,NA,0.688168868551185,0.82258064516129,0.917031500266951,0.795820233031256,0.735591012699446,NA,NA,NA,NA,NA,NA,NA,NA,NA,NA,0.878167303019785,NA,0.540919282511211,NA,NA,NA,NA,NA,0.68413344182262,NA,NA,NA,1.33762711864407,NA,0.778866768759571,NA,0.448803191489362,0.478260869565217,NA,NA,NA,0.853451600462784
1959,1.19014447884417,1.2392722279437,1.07219426821264,0.826814252844972,1.05956977385549,NA,0.653049830177267,NA,0.347425802543913,NA,0.837728194726166,0.905619596541787,0.944864585353242,0.912124402688912,NA,0.701524433680011,0.948250728862974,0.874250908733667,0.820668151447661,0.688469905728789,NA,NA,NA,NA,NA,NA,NA,NA,NA,NA,0.905133928571429,NA,0.379718309859155,NA,NA,NA,NA,NA,0.989915966386555,NA,NA,NA,1.36423841059603,0.446092977250247,0.98325,NA,0.78588421887391,0.725032425421531,NA,NA,NA,0.854814814814815
1960,1.46927554980595,1.46885113268608,1.28061504667765,0.865165712848249,1.33389830508475,NA,0.778217821782178,NA,0.85033043928988,NA,0.818081221644351,0.907121119902617,0.903476455221381,0.867513611615245,NA,0.714144829529445,0.969568294409059,0.9442404329339,0.848994586233565,0.8398025195778,NA,0.384779098781741,NA,NA,NA,NA,NA,NA,NA,NA,0.863313609467456,NA,0.644183773216031,NA,NA,NA,NA,0.0842864684145698,0.933103150625809,NA,NA,0.559868556171699,1.54388984509466,1.15859499733901,0.860723440615209,NA,0.945829338446788,0.865269461077844,NA,NA,NA,0.426114151681001
1961,1.27481096408318,1.33640939597315,1.15818482454529,0.843256448130894,1.16976062530532,NA,0.813159577870163,NA,0.856221505615479,0.395979656091063,0.904699049630412,0.835271727637979,0.853244533506218,0.87673463608043,NA,0.686691670977755,0.938136390861641,0.88797702092737,0.765701451832839,0.816418470779627,NA,0.740307812195597,0.565830935744623,NA,NA,NA,NA,NA,NA,NA,0.659191583610188,NA,0.536476868327402,0.323548456723505,NA,NA,NA,NA,0.613278319579895,NA,NA,0.224951345547279,1.1576635924462,0.815602836879433,0.685214626391097,0.414744232698094,1.23685580426861,0.478424015009381,NA,NA,NA,0.622482131254061
1962,1.20943245403677,1.27071410798706,1.05349367613519,0.426851259379908,1.13487570760522,NA,0.76014220817697,NA,0.887587318645889,0.981138790035587,0.880800340570456,0.882578362975337,0.843817546971125,0.891390261115032,0.00746182322998612,0.677091719824116,0.970143917046572,0.837686254813327,0.798720136518771,0.777441033074186,NA,0.818624547548536,0.646309006863706,NA,NA,NA,NA,NA,0.5,NA,0.600587371512482,NA,0.538156590683845,0.585268590194699,NA,NA,NA,NA,0.715457788347206,NA,NA,NA,1.26323907455013,0.747154471544715,0.606375271673509,NA,1.1420395421436,0.433852140077821,NA,NA,NA,0.762395118230359
1963,1.16178312046081,1.25534012487677,1.14847547503314,NA,1.0997186620819,NA,0.806070982370089,NA,0.998791978738826,0.956476323119777,0.984414278531926,0.924493554327808,0.895065849365783,0.958120462489917,NA,0.669330468067961,1.02124618902439,0.923519313304721,0.818055434877053,0.887865735927521,NA,0.81713477470196,0.609447818104787,NA,NA,NA,NA,NA,0.488372093023256,NA,0.59021164021164,NA,0.542302357836339,0.760341309590057,NA,NA,NA,NA,0.777041724342496,NA,NA,NA,1.01008130081301,0.826225165562914,0.77928007023705,NA,0.449515905947441,0.638535841382816,NA,NA,NA,0.442081447963801
1964,1.12375113533152,1.16893104332223,1.0792270531401,NA,1.07844047342771,NA,0.807397284429554,NA,0.857855880212124,0.960096572999799,0.843056141831997,0.783094252430923,0.839523894969795,0.981888111888112,NA,0.658420551855376,0.984194081970226,0.943141435678749,0.752765672142139,0.774514877102199,NA,0.754039497307002,0.634399382663123,NA,NA,NA,NA,NA,0.53266620657925,NA,0.64859437751004,NA,0.534027777777778,0.785263157894737,NA,NA,NA,NA,0.753956834532374,NA,NA,NA,0.918626827717737,0.803333333333333,0.745632424877708,NA,0.630569655950367,0.467350746268657,NA,NA,0.0845522654298965,0.715503113733202
1965,1.32152230971129,1.39568345323741,1.04934823091248,NA,1.16214639836687,NA,0.759350871515096,NA,0.83452868852459,0.871269197334106,0.785422869114566,0.801816680429397,0.8614,0.919310678047995,NA,0.707877048561287,0.992516463779685,0.8925491715919,0.759636767976279,0.828094932649134,NA,0.790871369294606,0.55672268907563,NA,NA,0.898895836104829,NA,NA,0.521283841307679,NA,0.740230460921844,NA,0.349056603773585,0.620906801007557,NA,0.162003610108303,NA,NA,0.793452155226899,NA,NA,0.303642976021698,0.954732510288066,0.826855123674912,0.657894736842105,0.282091212458287,1.04423243712056,0.550519357884797,NA,NA,0.297418630751964,0.950156985871272
1966,1.36785474108944,1.4017749092376,1.1238122660524,NA,1.24881256850566,NA,0.781989143078713,NA,0.843174603174603,0.852381665668065,0.766879118504915,0.891563393708294,0.897624360152251,0.918317236863644,NA,0.791040355423917,0.961667569030861,0.90643218033424,0.792178073642605,0.900700190961171,NA,0.808128704487722,0.812198739340007,NA,NA,0.795938983735731,NA,NA,0.663332407150134,NA,0.6307541625857,NA,0.414657666345227,0.651895734597156,NA,0.654524089306698,NA,NA,0.888495575221239,NA,NA,0.704251944717166,0.926470588235294,1.29054054054054,0.68215994531784,0.716530483972344,1.558352402746,0.67402376910017,NA,NA,0.20734506503443,1.83618917066484
1967,1.14994663820704,1.14561368609509,0.963710262737698,NA,1.10795991680847,NA,0.758100979653353,NA,0.545861864908276,0.253122748018256,0.857692888419145,0.882778462803124,0.836028239580961,0.906978481769277,NA,0.791852859270773,0.968925255125494,0.943835616438356,0.812904435899841,0.783626412018167,NA,0.794971396285048,0.779106719824349,NA,NA,0.847636842328761,NA,NA,0.568490906111748,NA,0.550405186385737,NA,0.245631067961165,0.903459190594619,0.412420382165605,0.452106318956871,NA,NA,0.79901356350185,NA,NA,0.711765666684815,1.15245963199399,1.09468902865129,0.355471519735287,NA,1.20131393711872,0.374803149606299,NA,NA,NA,0.832517482517482
1968,1.29652144545762,1.36146377893951,1.05171062940716,NA,1.16467859509609,NA,0.770591608946927,NA,0.242699856390618,NA,0.87147432586011,0.810775722168127,0.94719729483678,0.871039973461602,NA,0.792980102839258,0.985907974805167,0.877317026562202,0.803296232876712,0.806733167082294,NA,0.767263427109974,0.781349228455239,NA,NA,0.824959113210976,NA,NA,0.706765047255845,NA,0.749297214413493,NA,NA,1.15029151371194,0.620126856435644,0.63203564727955,NA,NA,0.922237905812909,NA,NA,NA,0.600936967632027,1.14082792207792,NA,NA,1.46256157635468,NA,NA,NA,NA,1.09498013723366
1969,1.08422222222222,1.24129353233831,0.966261278932915,NA,1.08229021789522,NA,0.813700839698278,NA,0.59269109535067,0.847328244274809,0.835620006946857,0.808332591471557,0.996168844496135,0.919343755368493,NA,0.847851068719835,0.990171137835338,0.903656532456861,0.861658268437929,0.835493391505197,NA,0.926744989633725,0.784942228848304,NA,NA,0.836990077177508,NA,NA,0.789496862270175,NA,0.866512345679012,NA,NA,0.671522422165096,0.482614742698192,0.551816061312896,NA,NA,1.1122698386834,NA,NA,NA,NA,1.3546441495778,NA,NA,1.34877192982456,NA,NA,NA,NA,0.690465223399355
1970,1.32936626004165,1.35828513099694,1.07404811959822,NA,1.27890345649583,NA,0.757212962179541,NA,0.840425531914894,0.827078687480089,0.787680728857199,0.721680347658136,0.924453519096805,0.969538483285038,NA,0.804441569642087,0.948384515354606,0.929005014515703,0.877745583699411,0.795692910082506,NA,0.799490463402878,0.818753308628904,NA,NA,0.884242238562091,NA,NA,0.7758360952094,NA,0.435442220787605,NA,0.0755879059350504,NA,0.750940754353724,0.646425614131935,NA,NA,1.00543548595833,NA,NA,NA,NA,NA,NA,NA,1.46576373212942,NA,NA,NA,NA,0.593226936551187
1971,1.60141093474427,1.58870168483647,1.15067589845038,NA,1.19991670137443,NA,0.792845297322909,NA,0.819782187080412,0.833974794355143,0.820093457943925,0.817086662569146,0.926405693950178,0.899899142713061,NA,0.756093687971417,1.00669693530079,0.922867238768299,0.88081650570676,0.916857495155892,NA,0.880441952506596,0.7976158585588,NA,NA,0.779809656684439,NA,NA,0.728998102087703,NA,NA,NA,0.489021956087824,0.56020030481167,0.752696060450444,0.535980746089049,NA,NA,0.868215394497377,NA,NA,NA,0.511234013135154,NA,NA,NA,0.9366005445352,NA,NA,NA,NA,0.690391459074733
1972,1.45637022581544,1.41095890410959,1.12388571428571,NA,1.1801391862955,NA,0.844480220791168,NA,0.845665215856958,0.887086117025182,0.871061404452092,0.882703368940016,0.942590775269873,0.956747559774335,NA,0.819959802102659,0.976309523809524,0.920134373645427,0.892519893899204,0.870914127423823,NA,0.867110831007473,0.860715711054942,NA,NA,0.763937007874016,NA,NA,0.958927552766686,NA,NA,NA,0.625992779783394,1.20702145444413,0.593406593406593,0.638012332245194,NA,NA,1.14528485861541,NA,NA,NA,1.05548387096774,NA,NA,NA,1.17184265010352,NA,NA,NA,NA,0.650331801939765
1973,1.5462872096827,1.73769871309614,1.11474103585657,NA,1.21525799303577,NA,0.763246848163713,NA,0.828648114140415,0.893139939317694,0.845991282525426,0.856230432060113,0.93742208925455,1.02662779397473,NA,0.794265399180771,1.00804806166402,0.95206527281999,0.946474466420829,0.902462485571374,NA,0.793501496365968,0.767607076986133,0.851007350939287,NA,0.777000503271263,0.686652568727454,NA,0.892405063291139,NA,1.04359085023738,0.95,0.719960278053625,0.992537313432836,0.794215885947047,0.427007299270073,NA,NA,1.13398807435987,NA,NA,NA,0.826797385620915,NA,NA,NA,1.10844250363901,NA,NA,NA,NA,0.753098188751192
1974,0.90373252630062,1.05552699228792,0.927978257587196,NA,0.960061182868797,NA,0.752667732319523,NA,0.800682157322533,0.84277172001407,0.85121589010581,0.783018867924528,0.938480259599784,1.01033371255214,NA,0.76614733020723,1.00495310359363,0.934066985645933,0.836844732900649,0.75672303853618,NA,0.785860070209813,0.848416923507985,0.916967755129866,NA,0.791582002902758,0.78546277665996,NA,0.974143188193682,NA,1.01339124140427,1.12450592885375,0.663510560815732,1.29431531783814,0.613924050632911,0.575254730713246,NA,NA,1.03224189776144,NA,NA,NA,1.14268585131894,NA,NA,NA,1.55242227042661,NA,NA,NA,NA,0.697014925373134
1975,1.05536849981294,1.22564567285908,1.04408396946565,NA,1.08004561003421,NA,0.743402533427164,NA,0.819353239995044,0.903343635852768,0.923324099722992,0.888405311907153,1.01060393258427,1.02784244343049,NA,0.850899742930591,1.04720472047205,0.95403482493915,0.917286521868492,0.875417938653874,NA,0.844342197613663,0.786784860325421,0.942365896065426,NA,0.797109236473054,0.830897507963275,NA,0.877417975846959,NA,1.05272407732865,1.05298804780876,0.595779220779221,1.01772705196697,0.554110499335485,0.683471074380165,NA,NA,0.997497914929108,NA,NA,NA,1.22398506766216,NA,NA,NA,1.33040131940627,NA,NA,NA,NA,0.676250933532487
1976,1.31473684210526,1.4202657807309,1.11910669975186,NA,1.20882009345794,NA,0.779124550282679,NA,0.839445438282648,0.85933978523134,0.83831480159135,0.859368836291913,0.98406202886065,1.04863514033064,NA,0.812462271111409,1.06291777188329,0.973784921546116,0.902911675917811,0.893289778140738,NA,0.852859522487507,0.772727272727273,0.796045627376426,NA,0.71111241699477,0.702830188679245,NA,0.889856557377049,NA,1.03475742215786,1.1434034416826,0.662564766839378,0.938039916592195,0.603442846646373,0.608621860149355,NA,NA,1.06836859590838,NA,NA,NA,1.37996443390634,NA,NA,NA,1.25494205862304,NA,NA,NA,NA,0.48887859128823
1977,1.02463054187192,0.989809250065325,0.885252868678283,NA,0.918057285180573,NA,0.915143868788409,NA,0.872779227233197,0.900349876895166,0.892946839681875,0.878311965811966,0.980581167924001,0.977433509447479,NA,0.885859073359073,1.00879673264216,1.05428671820098,0.937689969604863,0.880855824360229,NA,0.926556827701759,0.84019312965015,0.804344846491228,NA,0.729059735721306,0.83095197107936,NA,0.812572488981675,0.671264367816092,0.959183673469388,0.975227502527806,0.537790697674419,1.0867070449474,0.596090534979424,0.570324005891016,NA,NA,1.04190246839253,NA,NA,NA,0.905747126436782,NA,NA,NA,0.634421364985163,NA,NA,NA,NA,0.599220272904483
1978,1.1765087605451,1.09509202453988,0.972267057960382,NA,0.918487797096826,NA,0.797850673831087,NA,0.822004298764105,0.869206024272555,0.989584580390279,0.879828326180258,0.96990366359609,1.0125809783119,NA,0.830604178430265,0.991098901098901,0.995976626113612,0.901403922409174,0.888964231225632,NA,0.864440240190837,0.833838334473659,0.821976510422178,NA,0.805696846388606,0.97035618536959,NA,0.715562517276329,0.83876329787234,0.951865565365993,0.963266761768902,0.50464252553389,0.881785283474065,0.683377098750696,0.600644122383253,NA,NA,1.15077772202709,NA,NA,NA,1.04539775093711,NA,NA,NA,0.698568872987478,NA,NA,0.608927038626609,NA,0.445916905444126
1979,1.68145997511406,1.68140589569161,1.26671285071008,0.390474581996284,1.24579439252336,NA,0.836048125867654,NA,0.734366117111996,0.884721145032786,0.925677324871857,0.926397919375813,1.02265759365886,1.02765397082658,NA,0.855968453415319,1.01194990233253,0.970888661899898,0.977432077125329,0.971771217712177,NA,0.866123499142367,0.655065738592421,0.788771157286363,NA,0.710175295139776,0.768900869991423,NA,0.751090816844242,0.687707641196013,0.747085492227979,0.735414954806902,0.459558823529412,0.683293745051465,0.42969776609724,0.527314360484135,0.217111013986014,NA,1.33265561463872,NA,NA,NA,1.23316391359593,1.07642626480086,0.181081862886896,NA,0.686423156443832,NA,0.959488272921109,0.62297053517739,NA,0.40287456445993
1980,1.31777259086362,1.16738197424893,1.08847110865358,0.493089211990666,1.03859289617486,0.844492440604752,0.856544165054803,0.794687690647144,0.882597835137385,0.868723404255319,0.885319432658504,0.897528984658625,1.02051896207585,1.00857297883885,0.902306259848159,0.784479237576583,1.05037431797995,1.01695836503968,0.998967060713876,0.913898305084746,0.712505710844374,0.884333565945569,0.78972487366648,0.809599080327633,0.83282502305128,0.693008798271956,0.720139494333043,0.526285667566021,0.751752225800341,0.958980044345898,0.937245313773431,0.756594169366034,0.461311717022845,0.709279506588169,0.37400349990278,0.534177215189873,0.471212608555806,0.858842871682455,1.41110463421743,0.72560140817524,0.763031343924431,0.676054374346462,1.40030832476876,1.29095477386935,0.69683952132556,0.666064685601707,0.909949622166247,0.745864661654135,1.18500604594921,0.668201915991157,0.198654708520179,0.693554195174649
1981,1.42101147028154,1.27951657886582,1.10063176895307,0.465627498001599,1.09497361843932,0.824426328502415,0.795459715208589,0.765577217125382,0.866421977533089,0.874605733510899,0.918332496233049,0.886516525299795,0.945012689379374,1.04890965732087,0.853821283621105,0.729790726302831,1.06577726218097,0.94200774625772,0.982468046601063,0.848880296439504,0.769391444065073,0.925145878920496,0.743315846027432,0.782061117504155,0.76304389991595,0.763444786396119,0.576286059010639,0.788136848341232,0.730014442273384,0.863938440013991,0.959393346379648,0.976731887890005,0.99657664511221,0.702837729816147,0.722218092618747,0.824687698496718,0.525124188001528,0.703961544836731,1.06321218663788,0.760703585580361,0.843345766209031,0.776556324110672,1.07542579075426,0.967726625533935,0.639111824505083,0.760302097081684,0.705529646902065,0.490521327014218,0.98047138047138,0.656627625952779,0.236636636636637,0.759844703272324
1982,1.48135964912281,1.33123877917415,1.09449821701477,0.881828142119268,1.20120724346076,0.816574674026078,0.777987238979118,0.823571259188997,0.898682284040996,0.863765373699149,0.872387096774194,0.872572359353464,0.941831584007692,1.10740187713311,0.798515593081847,0.807067932067932,1.03907827532961,1.08342099726489,1.04204385435526,0.897655314051001,0.784862908618858,0.811050648807032,0.751481708563253,0.782020888063049,0.771630530823082,0.772346786248131,0.614674665436087,0.800993430539978,0.595819902256421,1.05303867403315,0.970099667774086,0.717828900071891,0.67914979757085,0.733547748639288,0.715911578025826,0.560565635005336,0.381332514583973,0.765637233579817,1.01483806534456,0.707127797963486,0.736609770453208,0.68090332264447,1.19209039548023,1.04387990762125,0.768334985133796,0.703883495145631,0.832662192393736,0.688212927756654,0.978354978354978,0.742168674698795,0.483050847457627,0.335881294964029
1983,1.25612671846981,1.14991482112436,1.22121945850759,0.886930878227721,1.18241758241758,0.785799064441807,0.792908464776158,0.815624304473626,0.899138041940049,0.826268934360882,0.865850788420805,0.891434154814895,0.977543859649123,1.07268473701194,0.817983519146873,0.846646153846154,1.04642755208829,1.04547768538945,0.921450962830273,0.953333333333333,0.786207644740173,0.85153982300885,0.725498076591836,0.745112525573994,0.785904255319149,0.773789396106993,0.55720987150724,0.839997302946531,0.580228471001757,0.699811202013845,0.876869158878505,0.581408775981524,0.690223792697291,0.582835523695739,0.449046321525886,0.564996689472523,0.54497007460851,0.704095366275716,0.995166959578207,0.703690447784936,0.678004618260455,0.725396733127943,1.01070385987674,0.967966152916289,0.666925465838509,0.646045694200352,1.05001894657067,0.679904686258936,0.723820943245404,0.739977413890457,0.536500174641984,0.480491551459293
1984,1.05316722231971,0.978736330498177,0.997074010327022,0.905044727965977,0.937822878228782,0.80544267053701,0.82446134347275,0.82185530153354,0.819303702217317,0.836952124072825,0.85885031303358,0.881825375890266,0.926904674273095,1.088606347329,0.83084611647116,0.750791083608748,1.04101605454146,0.967165668662675,0.868941326530612,0.837152209492635,0.764929470394459,0.771661040422401,0.837083429985309,0.825235516653067,0.932503835009374,0.811745533558667,0.725155279503106,0.933631763332036,0.762558259968928,0.795055302537411,1.14257659073056,1.05694177863084,1.22284644194757,0.697806354009077,0.613546644504467,0.753628874068262,0.622939715511402,0.917921181321315,1.26438510718315,0.71295998283446,0.764177483835941,0.731615807903952,1.41012909632572,1.42346471127406,0.840203562340967,0.704877799365988,1.44299287410926,0.663778162911612,0.9812734082397,0.658290084676318,0.346780878695772,0.812112869924295
1985,1.27758620689655,1.18386491557223,1.2296047098402,0.940470235117559,1.11659192825112,0.766960491106564,0.7964461994077,0.806032799687622,0.808859434949424,0.880853501360447,0.861023235518708,0.889308855291577,0.919344116995347,1.14953746060791,0.859957291451402,0.780653017733465,1.08727316141356,0.970038249043774,1.0855850887835,1.04699738903394,0.753913789405962,0.898566797474834,0.904904589181517,0.790255675390301,0.771887798469979,0.729946379244977,0.938894730692838,0.763634740694457,0.572400148386299,0.744059405940594,0.766344725111441,0.526583448913546,0.608012568735271,0.587080948487326,0.416815554387809,0.670825688073394,0.586598046423695,0.766661377340527,1.06871441811201,0.621039622500187,0.713740458015267,0.636286201022147,0.797077922077922,1.09306742640076,0.574513463076513,0.683384349737069,0.788353162179086,0.647379912663755,0.721771217712177,0.621366698748797,0.413483146067416,0.140369393139842
1986,1.36717612809316,1.46702557200538,1.19887540692513,0.849669688124136,1.10295126973233,0.757903621853898,0.792644467118078,0.810468096587077,0.852178292621506,0.890981935755957,0.872053101396201,0.885525591634562,0.895348018861285,1.20836899667142,0.784160986692632,0.822003449267031,1.11483041454223,0.96113184079602,1.03940498473057,0.931737738075173,0.756773028296207,0.789037347070187,0.858075249552086,0.822521668472373,0.768655611489488,0.732492648158301,0.758675799086758,0.782642148188043,0.536489814192971,0.844076655052265,0.927120283779426,0.677155172413793,0.9175,0.618375499334221,0.430653502585802,0.575595873354678,0.551963284038756,0.734066297429115,1.18105293194464,0.711726715138714,0.740251271573273,0.634571329399514,0.997140814867763,1.0339985218034,0.625728987993139,0.649842793314579,0.756323777403035,0.616858237547893,0.52828546562228,0.599765258215962,0.435608308605341,0.223983459682977
1987,1.36373666789261,1.44043151969981,1.1559879235156,0.897920604914934,1.10730421686747,0.752467582736598,0.818864229765013,0.846655082536924,0.922097101716817,0.873304692106815,0.871938188393885,0.869201640896182,0.934826107670319,1.17422822147232,0.771644581741322,0.813262742282843,1.10836762688615,1.02183050847458,1.09579854933625,1.09563066776587,0.792797587369168,0.747802636835797,0.89363379541423,0.876251664062048,0.847033114809212,0.72106601919297,0.737054910656058,0.927239427239427,0.597763507528786,0.73697270471464,0.754734554486184,0.78838808250573,0.803874092009685,0.567208271787297,0.483788058521155,0.667360388484218,0.71326164874552,0.88851884312007,1.38751526251526,0.769924582144313,0.759095255914515,0.873105497771174,1.14705882352941,1.03538377789875,0.971789360558839,0.671917487107361,0.867329047340736,0.776,0.790415335463259,0.647434435575827,0.251028806584362,1.03232323232323
1988,1.53086419753086,1.70454545454545,1.16908591604551,0.989786443825441,1.11927437641723,0.78878673452635,0.823631891781103,0.777001426954682,0.923024800108416,0.894214259051885,0.899499374217772,0.884477344100494,0.949254966887417,1.02593592301373,0.773172802346222,0.806577717345118,1.085266121464,1.04430687059966,1.04878048780488,0.864353312302839,0.806169163073914,0.782634730538922,0.820379965457686,0.852539343978786,0.932347278137581,0.751925192519252,0.857107355864811,0.844215029761905,0.622553467271549,0.703677000720981,0.748944157672454,1.19908116385911,1.19535519125683,0.651438848920863,0.650880554795145,0.502152080344333,0.516848302643117,0.763493905977945,1.34148936170213,0.698597498240104,0.724944642341388,0.822802653399668,1.1738683127572,1.29623698959167,1.00418569254186,0.751377269944909,1.19848156182213,0.758454106280193,0.720087815587267,0.601203912716328,0.282634032634033,0.257796257796258
1989,1.468669527897,1.40494590417311,1.33654154635868,0.913172452497394,1.18564628341267,0.840390879478827,0.778590598216605,0.849365482233503,0.9288122406639,0.956890021348392,0.902848177649047,0.850577264653641,0.929815053180679,1.14294687724336,0.74226144794065,0.752453821779117,1.08333333333333,1.00814980110604,0.909253092293054,0.708817931909495,0.742770286070621,0.720484187196318,0.808567931456548,0.751493118670475,0.861226536753116,0.690871035260023,0.794663845792196,0.818703094696011,0.567850780676936,0.840977443609022,0.716511936339522,0.811881188118812,0.764813683567502,0.607608406491088,0.590802870973126,0.464247881355932,0.720656801135212,0.744588402591247,1.07061471374314,0.69862950058072,0.763777267508611,0.846890597598813,0.844368013757524,1.00306161500191,0.861725184221933,0.765506302696385,0.821729957805907,0.614654002713704,0.924407114624506,0.600395114942529,0.368168389955687,0.538309636650869
1990,1.37292069632495,1.36297020029311,1.21026986506747,0.953909630673241,1.25638945233266,0.774574166075231,0.7893326717936,0.779749768303985,0.879681803115678,0.883892999430848,0.947513389441469,0.950399559107192,0.891814772541986,1.10229799851742,0.753231674278195,0.715065117916227,1.27959902465457,1.01084875558392,0.998028446697648,0.916808977799463,0.706659420592785,0.754026780516204,0.770961463604515,0.719970468807678,0.78302781289507,0.668982145932602,0.429991980753809,0.711893400558207,0.510153482880756,1.43430152143845,1.00370522848909,0.951366120218579,1.49842271293375,0.68368544600939,0.328142049399861,0.543186180422265,0.473867595818815,0.685107960337318,1.11488379759354,0.733217538259318,0.666884617061157,0.761745939675174,1.07589984350548,0.996794871794872,0.59633673828813,0.691859944479269,0.817621145374449,0.88336192109777,2.45522388059702,0.558481613285884,0.377663482733284,0.29002808988764
1991,1.24150727947474,1.21176470588235,1.23954836740922,0.940726577437858,1.28753005839918,0.770866076598561,0.807582532584911,0.769687616909839,0.968400362866647,0.890740602346611,0.980829309855155,0.930425111220959,0.90659219519365,1.14548899884198,0.782339591499897,0.795420067904356,1.23049558390579,1.06899199298015,0.985195466111497,0.959901800327332,0.688970465543134,0.809876543209877,0.803421693264809,0.722698293000617,0.821650464147358,0.799543428633547,0.60770056025748,0.780872645306714,0.529596364029867,0.953803265631223,0.893125361062969,0.710124826629681,1.05831903945111,0.716386056438226,0.738651505729768,0.549517966695881,0.647325386661413,0.903557980481057,1.04517993170475,0.719786760519642,0.765158211065936,0.806059448793839,1.10926118626431,0.894329896907216,0.770239596469105,0.76143365443027,0.848189415041783,0.542780748663102,2.19727449707982,0.780973451327434,0.322065150583897,0.34407427635172
1992,1.50363714163457,1.72311212814645,1.3462288686606,0.92609762748841,1.39176426142803,0.771704665559414,0.852259133155425,0.793200601051841,0.902781720124894,0.920361362056984,0.968688330482831,1.01656113005358,0.930788106235566,1.18337225595516,0.801704359226483,0.847667740579913,1.30054587444888,1.00048426150121,0.961576140198106,0.998984565393989,0.723628360320704,0.851874710692794,0.870503065671862,0.704986055370383,0.767886915549112,0.701757082116695,0.702095620529552,0.87325297641056,0.92345443891005,0.829309758585515,0.775820463320463,0.620217018846373,0.71153057037341,0.750668704623615,0.478946030670169,0.547679324894515,0.607231149567367,0.759731926422358,1.06367087057671,0.753757736516357,0.696983377796019,0.85166451005764,0.890027322404372,0.952394691286786,0.86647089307307,0.750715922107675,0.848390446521288,0.58287795992714,1.76928649040203,0.635986364310064,0.317287784679089,0.396720277514979
1993,1.26088358594002,1.33319655313911,0.979775828460039,0.907640988220578,1.34661801852372,0.734836912570761,0.755317489209007,0.764985877183806,0.871837411862298,0.925515186625838,0.932058047493404,0.929858743302484,0.806701030927835,1.1832337883959,0.76780508121616,0.818785495849716,1.41769344504682,1.06518994605762,0.958640857819245,0.942307692307692,0.708025255462324,0.798345398138573,0.846321922796795,0.709661175455003,0.775579698394681,0.727603506257236,0.490004875670405,0.811368827973994,0.596158492389466,0.814925373134328,0.589478417266187,0.829331602855289,0.949131513647643,0.781292059219381,0.543350908025776,0.317024661893397,0.509771010670183,0.815828338111372,1.28069022185703,0.739200863930886,0.809893649883059,0.689573820395738,1.21023513139696,1.13123844731978,0.599936948297604,0.789910218041898,1.03989361702128,0.491582491582492,3.04289318755257,0.554545454545455,0.248022335970219,0.892628205128205
1994,1.18231046931408,1.0521327014218,0.961740203640851,0.953035509736541,1.16748595505618,0.852344957911012,0.762752482026703,0.784639904372946,0.95282131661442,0.867694998807347,0.870418647446711,0.92860824742268,0.853051455923414,1.18346653942503,0.775868346319085,0.863296440323063,1.25818181818182,1.02955068426789,0.965860400829302,0.930023640661938,0.720561092654116,0.705223880597015,0.806379536173819,0.746161055439406,0.859241706161137,0.73888512751072,0.636619718309859,0.820603754000519,0.775989875248599,0.702107728337237,0.495106922798115,0.63828689370485,0.736591179976162,0.523262492820218,0.506405088237929,0.511125871803388,0.709943936264385,0.740922110320614,1.24223706176962,0.693738499030188,0.76458983299688,0.859257685224536,1.32162162162162,1.16621253405995,0.589058524173028,0.728345724907063,0.921322690992018,0.73767258382643,4.15670800450958,0.554732313575526,0.185074626865672,0.224215246636771
1995,1.1249181043896,1.03460651115099,1.07526218383714,0.992991218883429,1.12266973532796,0.838775780010577,0.776903454537593,0.767989475992107,0.916452913155002,0.854517611026034,0.9380777510447,0.96450650181198,0.978667170096281,1.16308636562911,0.748463618485742,0.830743910467413,1.18781975600157,1.06291739894552,1.00030081219292,0.829511976431408,0.705509298887246,0.775900565644537,0.828391208219534,0.744190512771269,0.91733437561071,0.732990760413064,0.853802816901408,0.875426898682713,0.604488078541375,0.75445002282063,0.695076541166736,0.680043383947939,0.729813664596273,0.481404958677686,0.887682014954742,0.375391358797746,0.768090903050037,0.830528284244974,1.09092093265599,0.707855133300585,0.789809699201964,0.768174526788579,0.940123456790124,0.917156862745098,0.818719465158138,0.711990000892778,0.707011686143573,0.650828729281768,2.72494956287828,0.598041501515505,0.161840539468465,0.126039667306462
1996,1.5506735086594,1.54210956663941,1.33923472301542,1.01346987729495,1.43174395819726,0.869597123358039,0.779815659622009,0.840094361441325,0.842036398239562,0.90551023137622,0.959918151179586,0.966981621846122,0.996244753700022,1.08840743402813,0.808494733265375,0.793037974683544,1.34083638025594,0.983336848766083,0.955501618122977,0.826608224829186,0.747767667318649,0.824848539650963,0.856355042016807,0.833138466677802,0.812294372294372,0.674429409373367,0.726931538760192,0.878899602949518,0.558948961342688,0.791015625,0.885726606295817,1.07228195937873,0.920298879202989,0.61660447761194,0.69623213512343,0.517106200997862,0.839433293978749,0.786068306749572,1.32424109106907,0.763687793652316,0.717831093169411,0.812892748711431,1.05559025608994,0.8783712321523,0.994728750274544,0.737462591820078,0.75801382778127,0.742547425474255,3.19850948509485,0.651006711409396,0.221932114882507,0.202625102543068
1997,1.77098950524738,1.70594653573377,1.41821247892074,0.991567650440782,1.5272,0.883816769694088,0.79431747992588,0.788182202792272,0.922932078009415,0.909671462645226,0.995418448381185,1.00948558920102,1.01080565707929,1.02848610153917,0.792089678510998,0.857939374901838,1.43995482494667,0.929158110882957,1.02028877271596,0.953411764705882,0.72083683230494,0.824980251031335,0.826891602669017,0.79958700141289,0.700867819824075,0.73317138155317,0.86913424021934,0.806479419581927,0.540892568659128,0.525646646207804,0.686477987421384,0.863618752421542,0.659166115155526,0.595064935064935,0.582242688641138,0.474513925380977,0.62092551933795,0.771070460704607,1.13080789505946,0.721739481873661,0.801564059900166,0.790642615558061,1.02238095238095,0.63411214953271,0.635685752330226,0.658204895738894,0.876391329818395,0.659782608695652,2.73245864232744,0.740214180206795,0.157310302282542,0.24174246050742
1998,1.56581986143187,1.45464917284655,1.2176517571885,1.03265686960578,1.39082656473961,0.833333333333333,0.782529016493586,0.834255997315887,0.904226769540423,0.882302183104668,0.921928620452986,1.03668356695497,0.959296703296703,1.12606116990348,0.860028517110266,0.877313542239326,1.52284194736124,1.10141419289081,1.08729101938157,1.09458282529176,0.763155527570388,0.86217689822294,0.554859554266122,0.723313227661664,0.677691107644306,0.806793438815503,0.717211055276382,0.835726542039194,0.499076013305408,0.590818363273453,0.695450324976787,0.830694275274056,0.712895377128954,0.692459664142246,0.518526663001649,0.496812749003984,0.520194820622476,0.755660290176509,1.18951546221267,0.744823192099395,0.840468679585399,0.90914671577655,0.784265519360787,0.869736103312746,0.865256124721604,0.733296973002454,0.681818181818182,0.509687034277198,2.6172028890348,0.599472042236621,0.364352183249821,0.224474474474475
1999,1.6317907444668,1.72836879432624,1.23026315789474,0.97672778561354,1.53469010175763,0.900966838348243,0.800927173737265,0.724389981726325,0.89718875502008,0.846244626148529,0.943951815291952,0.98563829787234,0.987442056468605,1.11636452719255,0.806319672788515,0.906301464852215,1.53382210540877,1.0006188884763,1.02884031572556,0.997329535339149,0.694341330918968,0.80791195099159,0.843575418994413,0.735905538000998,0.74422686125993,0.650999037072701,0.542256961406937,0.955684007707129,0.738690247340766,0.697052775873886,0.927107061503417,0.820831084727469,0.8115234375,0.705295735900963,0.426924507251766,0.687851275399913,0.543799772468714,0.6672492899279,1.36715070643642,0.766049212054189,0.762692363008773,0.841666666666667,0.759388038942976,0.779522184300341,0.568574331188622,0.672027339431099,0.708006279434851,0.656387665198238,3.29984423676012,0.905509641873278,0.250533807829181,0.305744888023369
2000,1.25298540468819,1.09110396570204,1.12384851586489,0.874472380253257,1.26508001641362,0.81110363894493,0.793717616580311,0.726334699894053,0.913299548007122,0.860673014027182,0.886566733929086,0.907342060330108,0.911033762617473,1.23369615778212,0.783332245643803,0.831782278876984,1.39191042047532,0.965419556510696,0.931588265048053,0.973405028338904,0.741923962219224,0.77849157350242,0.789485981308411,0.710675605982465,0.716387323428237,0.736988896490028,0.61387092335214,0.862818707961833,0.566344993968637,0.551749271137026,0.862321792260692,0.733191035218783,0.894806924101199,0.651606745147948,0.415786495662014,0.389775413711584,0.500158177791838,0.711784113019203,1.13393568960935,0.718964936751479,0.720313570938999,0.778875700427788,1.01117318435754,0.888830068819481,0.500139236981342,0.688400366391873,1.04147764095917,0.417503586800574,1.67142857142857,0.831766549157853,0.254390366281987,0.180787911494873
2001,1.34372759856631,1.34983652498832,1.25512995896033,0.971612903225807,1.29883327060595,0.841692255203002,0.758066233627942,0.764163656945717,0.90407772304324,0.92192070198245,0.93202614379085,0.943224632973886,0.914698272264419,1.03595478595479,0.782517807370703,0.808530539706295,1.65300272323348,0.910746375943453,0.985683825769114,0.893684769149124,0.703951602522847,0.796786757546251,0.843414766068692,0.699624530663329,0.735490678860359,0.68353969410051,0.770664118490205,0.915001958480219,0.637422695239465,0.672748004561003,1.14958448753463,1.12107279693487,1.19120879120879,0.786046511627907,0.404648059601913,0.544262295081967,0.52130610186586,0.758371227780074,1.39962887989204,0.733800262017535,0.765571163530347,0.798963951177973,0.975429975429975,0.912256267409471,0.625816365731848,0.764890580399619,0.932998324958124,0.754593175853018,0.887955182072829,0.787197724039829,0.148637489677952,0.0932377049180328
2002,0.881412550703889,1.06801365964713,0.978548728813559,0.904409289801414,0.988533988533989,0.856903141605295,0.765374259558428,0.762813906817812,0.946308724832215,0.910192563081009,0.97592883307169,0.912742590642395,0.972820029152019,1.17937275319202,0.890796509991556,0.911455009572431,1.63098791755508,1.05966795655973,0.939448029658108,1.00717781402936,0.695203690807799,0.794530881659595,0.681499190252179,0.792512315270936,0.769528528296044,0.636635755370349,0.903825717321998,0.889294946073625,0.613951743967996,0.670352453351762,0.732643380767572,0.707138499084808,0.52683615819209,0.55899925317401,0.378287041926286,0.440671031096563,0.456897565565095,0.73070987654321,1.38136928734022,0.756056545273004,0.742984840805418,0.739310760877762,0.948374760994264,0.611311672683514,0.940725449719847,0.719524555422464,0.775478927203065,0.869262865090403,0.850142045454545,0.732527588018917,0.219677692960136,0.0790408525754885
2003,1.23614931237721,1.36544437538844,1.28220594571305,0.921626882491548,1.23092170465808,0.856989631748302,0.814048934490923,0.730861244019139,0.938407391113066,0.892542663445804,0.949870090172704,0.840471915875866,0.859382037654265,1.06836248012719,0.823628085310328,0.844266034120974,1.56069126320121,0.908611367532639,0.954794916233391,1.01497797356828,0.705520041062013,0.814977973568282,0.729633722766025,0.830375253549696,0.740011047689192,0.730417470291794,0.639743378845205,0.92296254994889,0.579322168007385,0.767560664112388,0.848015873015873,0.620612813370474,0.873668188736682,0.706298416975413,0.588559542381695,0.569099062372605,0.58120127374547,0.701006124234471,1.33128574454565,0.775692325407335,0.738748006789774,0.801245504780282,1.16699801192843,0.614312267657993,0.607852412488174,0.668839103869654,0.505390835579515,0.629032258064516,0.862721893491124,0.66937889883374,0.172356369691923,0.0633663366336634
2004,1.19758932414981,1.16601012943163,1.15074566706973,0.963048498845266,1.12816901408451,0.917473531807076,0.765922920892495,0.789068045837136,0.827153110047847,0.775113784135241,0.774803149606299,0.793183578621224,0.846718556518663,0.955281141349958,0.832186459489456,0.755689001264223,1.56488445234514,0.801430274135876,0.850725896513215,0.961581559148391,0.673945387712235,0.763403461146929,0.68030963608862,0.792324487739335,0.82501002004008,0.797945205479452,0.787982101001492,0.97409592203129,0.67907118231596,0.680811808118081,0.746221161495624,0.553723138430785,0.530812324929972,0.53819643882826,0.618098919615423,0.476222148320585,0.609930743044958,0.588832978517515,0.661866245807852,0.71003509485784,0.659786641929499,0.623840060354583,1.37075471698113,0.75531914893617,0.561576354679803,0.575130450163615,0.537695590327169,0.355992844364937,0.482431149097816,0.616362375779986,0.212988442487617,0.0876054510058404
2005,1.08761904761905,1.23807599029911,1.08421610169492,0.990146182999459,1.02351916376307,0.911810380057213,0.768415716096325,0.792595311762547,0.775977724338691,0.748307743107149,0.764032496307238,0.793734524706642,0.862047876987594,1.07206329884358,0.753829656862745,0.764738805970149,1.3348599137931,0.920747150696496,0.829191143244465,0.843378668575519,0.646993417541363,0.724041941171012,0.755955379632962,0.77786746307208,0.744521497919556,0.804175204918033,0.877461375340806,0.953727264159834,0.627271446682631,0.674673987645848,0.868334119867862,0.780456852791878,1.02325581395349,0.702586206896552,0.498084735925711,0.413978494623656,0.527407593663565,0.776401711326278,1.07964215579315,0.726302875126687,0.467091653649681,0.66293034427542,1.16888888888889,0.801488833746898,0.707698476343224,0.49768002969562,0.41079295154185,0.314487632508834,0.450255102040816,0.738050432818969,0.0812757201646091,0.109537299338999
2006,0.918930126477296,0.966496308915389,0.911294010059442,0.972266930791135,0.825085742283195,0.851402504125012,0.669799075852759,0.742964038418584,0.792656587473002,0.716109313196692,0.728191000918274,0.772497897392767,0.702928870292887,0.960872354073124,0.756672924659212,0.630969609261939,1.24713055954089,0.751061420888763,0.84408795962509,0.798267773367015,0.625225400847995,0.67814078120169,0.595438418651799,0.707873594001071,0.727112092766427,0.78344384441862,0.702153110047847,0.766303724928367,0.519304696640481,0.923482849604222,0.73739837398374,0.964664310954064,0.313636363636364,0.87260677466863,0.284369945596236,0.293729372937294,0.430976965845909,0.695899772209567,1.13739179000279,0.696803652968036,0.56458970643482,0.687222272603609,0.726586102719033,0.612903225806452,0.669831223628692,0.375311315646995,0.48868778280543,0.554973821989529,0.564102564102564,0.699198491277699,0.0973053892215569,0.0376432078559738
2007,1.55986427532719,1.92271662763466,1.19911894273128,0.992396625351526,1.23228346456693,0.913344431788312,0.755886889460154,0.751378500846208,0.824208020509064,0.753421029398782,0.779712204654468,0.839781520254893,0.794723237365184,1.06351726875744,0.758076805851874,0.697274389230514,1.35011770860581,0.893234434704428,0.867091488393264,0.878254750175932,0.653319375381663,0.735717400784998,0.767148014440433,0.733369535704589,0.67442502299908,0.683369909778103,0.380904522613065,0.764410256410256,0.415863398512806,0.17585848074922,0.392817679558011,0.628467153284672,0.150197628458498,0.296915644741732,0.227640423835023,0.107221812822402,0.450360440116353,0.759119361105115,1.06266214328477,0.707596699882139,0.60917009199452,0.656480673069291,0.52807881773399,0.63061797752809,0.53446409238542,0.442895597000577,0.263786764705882,0.190327613104524,0.270810210876804,0.401143154065991,0.0564516129032258,0.0246031746031746
2008,1.02978003384095,0.938299167850619,0.837416481069042,0.917460888329437,0.857428260079913,0.874409754034816,0.751910612363355,0.728861573918471,0.707405375754251,0.821167608286252,0.636373089320994,0.76501385894672,0.632346241457859,0.77818835513832,0.736726447862763,0.731474805735801,1.06062410671748,0.812358858550606,0.869236780411565,0.778220981252493,0.5680124615838,0.698262103209789,0.708279597627031,0.701496388028896,0.625044122837981,0.648071837136355,0.696400316455696,0.79881599378882,0.423688155922039,0.387625113739763,0.457419683834778,1.06643598615917,0.426940639269406,0.491895701198027,0.0889160554197229,0.0946026097271649,0.379285456513894,0.584837877671334,0.827702035170915,0.653369300202314,0.503768197350559,0.550821185937603,0.505747126436782,0.784259259259259,0.572115384615385,0.591236040128715,0.490646258503401,0.422641509433962,0.459635416666667,0.361313868613139,0.170421511627907,0.144607843137255
2009,1.44516129032258,1.86885245901639,1.12826282628263,0.944108761329305,1.10235294117647,0.929489376285127,0.773988277979347,0.746110559417412,0.859030127275657,0.904716981132076,0.605656745150304,0.820996147495872,0.836936773255814,0.865579235623289,0.759952324195471,0.766269635767305,1.21814671814672,0.764334862385321,0.86458157227388,0.803498641304348,0.617847542242704,0.720114152837966,0.745286506469501,0.688203086112494,0.701436130007559,0.744329458463283,0.726160489384671,0.794352632154974,0.556774193548387,0.584463625154131,0.572537313432836,1.26752503576538,0.664609053497942,0.687280701754386,0.156829459388874,0.169458128078818,0.293118990384615,0.839951865222623,0.974190150118515,0.663731909976339,0.587311211553302,0.710999144405362,0.483930211202938,0.617192331478046,0.409553085835895,0.456462648795576,0.465573770491803,0.505714285714286,0.521252796420582,0.402224030377,0.0809294871794872,0.0242954324586978
2010,1.1956155143339,1.52455919395466,1.11749571183533,1.06070175438596,1.11116576487949,0.896335540838852,0.671387296926064,0.737875473510111,0.805441478439425,0.829307297365542,0.639062262140356,0.826209140659666,0.734123542449648,0.984488724495884,0.886097700679159,0.777845938129875,1.36706595070907,0.896908414690842,0.895752895752896,0.814405888538381,0.670409697425296,0.775247992442135,0.867809251765453,0.713729997347715,0.703472755180353,0.712834048168921,0.558833560709413,0.827700663850332,0.577034682879646,0.333333333333333,0.654884074496389,1.06293333333333,0.805510534846029,0.5875,0.401401806173339,0.295993458708095,0.455446988478927,0.852657004830918,0.998990714574082,0.752678026308486,0.598822120183669,0.729817652598236,0.529085872576177,0.581972171808832,0.57944477259303,0.565885206143896,0.563265306122449,0.345222929936306,0.81508078994614,0.434265907402823,0.0727272727272727,0.0294117647058824
